平台,品名,熱度,銷量,類別,更新日期
PChome,側桌甲板椅 / 灰棕 / CM-90860(露營椅 摺疊椅 休閒椅),85,0,戶外運動,2026-01-06
PChome,搖搖椅 / 綠橄欖 / CM-39178(露營椅 摺疊椅 休閒椅),85,0,戶外運動,2026-01-06
PChome,TreeWalker 新升級可調背折疊椅(椅背四段可調角度休閒椅露營椅) - 卡其,85,0,戶外運動,2026-01-06
PChome,露營躺椅 戶外折疊躺椅（露營椅子 辦公室午休躺椅 四檔調節 坐睡兩用）,85,0,戶外運動,2026-01-06
PChome,NEXT高背療癒椅(露營椅 折疊椅 休閒椅),85,0,戶外運動,2026-01-06
PChome,極黑限定軍風摺疊板凳可變椅墊PRO款 戰術椅 摺疊椅 露營椅(兩色任選),85,0,戶外運動,2026-01-06
PChome,戶外多功能大型大容量烤肉架 烤肉組 野炊露營 超大容量烤肉爐,85,0,戶外運動,2026-01-06
PChome,尋野二合一露營燈 ZM010,85,0,戶外運動,2026-01-06
PChome,Solar Life 一次性烤肉架加大款2入 42x24cm .中秋烤肉爐 露營燒烤架 簡易烤肉架,85,0,戶外運動,2026-01-06
PChome,微笑鯊【K225 M77變焦感應強光頭燈】防水頭戴式感應頭燈 釣魚頭燈 夜釣燈工作燈 露營登山戶外照明,85,0,戶外運動,2026-01-06
PChome,高背月亮椅 免安裝三檔調節戶外折疊椅(附收納袋特大號露營椅 摺疊椅),85,0,戶外運動,2026-01-06
PChome,攜帶式瓦斯爐/卡式爐(附收納硬盒) K-077 戶外露營防風單口爐 居家休閒爐,85,0,戶外運動,2026-01-06
PChome,Besthot 戶外多功能大型大容量烤肉架 獨家贈送3斤環保椰炭 烤肉組  野炊露營  超大容量烤肉爐 烤肉爐,85,0,戶外運動,2026-01-06
PChome,日本GOODGOODS 防眩光LED 頸燈 充電式  高亮度 防水 防震 露營 工作 頸掛燈 戶外燈 可充電 閱讀燈,85,0,戶外運動,2026-01-06
PChome,高腳不鏽鋼烤肉爐/烤肉架BBQ-5316+1.2kg環保椰炭3入 中秋燒烤超值組 露營炭烤爐,85,0,戶外運動,2026-01-06
PChome,Lourdes MINI220口袋型筋膜按摩槍 AX-HX336 /不求人筋膜槍(附肩背伸縮桿/220g強勁小辣椒),85,0,戶外運動,2026-01-06
PChome,Booster MINI 2肌肉放鬆強力迷你筋膜槍,85,0,戶外運動,2026-01-06
PChome,便攜 6段變速筋膜槍 肌肉按摩槍 肌肉放鬆器,85,0,戶外運動,2026-01-06
PChome,Magic Punch Nano  迷你筋膜槍,85,0,戶外運動,2026-01-06
PChome,USB深層舒緩筋膜槍/肌肉按摩槍,85,0,戶外運動,2026-01-06
PChome,螢幕顯示9段舒緩筋膜槍 FG-65,85,0,戶外運動,2026-01-06
PChome,筋膜槍3 迷你版 按摩槍 按摩儀 按摩器材 小米,85,0,戶外運動,2026-01-06
PChome,【Philips 飛利浦】PPM7303 便攜運動筋膜槍,85,0,戶外運動,2026-01-06
PChome,mini 新一代輕量高續航筋膜槍 全身深層按摩槍 4款按摩槍頭 肌肉放鬆 深層震動 運動按摩 迷你智能,85,0,戶外運動,2026-01-06
PChome,深層舒緩筋膜槍 FG-79 送贈品4選1,85,0,戶外運動,2026-01-06
PChome,U型彎鉤筋膜槍 靜音電動按摩 肌肉放松 捶背 液晶多檔 彎頭筋膜槍 加長按摩槌 搥背神器,85,0,戶外運動,2026-01-06
PChome,mini 新一代輕量高續航筋膜槍按摩儀 放鬆肩頸按摩器按摩機 (肩頸/小腿/頸椎/腿部/頸部/腰部/手部/脖子),85,0,戶外運動,2026-01-06
PChome,Booster MINI 2肌肉放鬆強力迷你筋膜槍 - 叢林綠,85,0,戶外運動,2026-01-06
PChome,YOGEMDI 第二代升級款 U型按摩槍 彎頭筋膜槍 搥背神器 加長按摩槌,85,0,戶外運動,2026-01-06
PChome,6段式肌肉舒緩筋膜槍 FG-61,85,0,戶外運動,2026-01-06
1688,2026新款磁吸無線行動電源 50000mAh 大容量,92,5000,全部,2026-01-06
1688,戶外全自動速開帳篷 防雨加厚露營裝備,92,5000,全部,2026-01-06
1688,人體工學辦公椅 居家電競椅 工廠直供,92,5000,全部,2026-01-06
跨境供應,2026新款 萬用生活優品,95,999,趨勢,2026-01-06
跨境供應,源頭工廠 萬用生活優品,95,999,趨勢,2026-01-06
跨境供應,跨境爆款 萬用生活優品,95,999,趨勢,2026-01-06
跨境供應,智能控制 萬用生活優品,95,999,趨勢,2026-01-06
